{
  "type": "autodiagnostics",
  "timestamp": 1675716444.6715991,
  "data": {
    "serial_no": 1298,
    "ts": 1675716444.6713018,
    "min_vac": -97.90048509561304,
    "delta_fing": 0.0,
    "no_touch_force": 3.2841796875,
    "max_touch_val": 19.9345703125,
    "tm_y_error": 0.0,
    "passed_autodiag_template_match": true,
    "passed_autodiag_ball_found": true,
    "passed_autodiag": true,
    "_meta": {
      "name": "picker",
      "topic": "autodiag_results",
      "ts": 1675716444.6713166,
      "index": 1
    },
    "robot_id": 1,
    "finger_open_value": 1.8017578125,
    "finger_closed_value": 1.845703125,
    "sensors": {
      "state_pre_extend_move": [
        [
          1675716436.1571245,
          {
            "vac": -35.3960911136108,
            "touch": 5.234863281249999,
            "finger": 0.2548828125
          }
        ],
        [
          1675716436.1632843,
          {
            "vac": -35.3960911136108,
            "touch": 5.531494140624999,
            "finger": 0.2548828125
          }
        ],
        [
          1675716436.1636167,
          {
            "vac": -35.83548931383577,
            "touch": 5.828124999999999,
            "finger": 0.2548828125
          }
        ]
      ],
      "state_extend": [
        [
          1675716436.3877757,
          {
            "vac": -98.01033464566929,
            "touch": 2.015869140625,
            "finger": 1.3623046875
          }
        ],
        [
          1675716436.3919728,
          {
            "vac": -98.01033464566929,
            "touch": 2.3125,
            "finger": 1.43701171875
          }
        ],
        [
          1675716436.4081035,
          {
            "vac": -97.90048509561304,
            "touch": 2.0048828125,
            "finger": 1.56005859375
          }
        ]
      ],
      "state_wait_fingers_settled": [
        [
          1675716436.6853578,
          {
            "vac": -98.01033464566929,
            "touch": 2.13671875,
            "finger": 1.845703125
          }
        ],
        [
          1675716436.785679,
          {
            "vac": -98.01033464566929,
            "touch": 2.11474609375,
            "finger": 1.845703125
          }
        ],
        [
          1675716436.8864133,
          {
            "vac": -98.01033464566929,
            "touch": 2.13671875,
            "finger": 1.845703125
          }
        ]
      ],
      "state_get_finger_data": [
        [
          1675716438.6853285,
          {
            "vac": -98.01033464566929,
            "touch": 2.20263671875,
            "finger": 1.845703125
          }
        ],
        [
          1675716438.7858672,
          {
            "vac": -97.90048509561304,
            "touch": 2.20263671875,
            "finger": 1.845703125
          }
        ],
        [
          1675716438.8854184,
          {
            "vac": -98.01033464566929,
            "touch": 2.20263671875,
            "finger": 1.845703125
          }
        ]
      ],
      "state_retract": [
        [
          1675716439.559402,
          {
            "vac": -98.01033464566929,
            "touch": 1.93896484375,
            "finger": 1.8017578125
          }
        ],
        [
          1675716439.5852268,
          {
            "vac": -97.90048509561304,
            "touch": 1.927978515625,
            "finger": 1.8017578125
          }
        ],
        [
          1675716439.6862464,
          {
            "vac": -98.01033464566929,
            "touch": 1.971923828125,
            "finger": 1.8017578125
          }
        ]
      ],
      "state_close_schnoz_gap": [
        [
          1675716440.0567923,
          {
            "vac": -98.01033464566929,
            "touch": 0.48876953124999994,
            "finger": 1.8017578125
          }
        ],
        [
          1675716440.0856392,
          {
            "vac": -98.01033464566929,
            "touch": 0.42285156249999994,
            "finger": 1.8017578125
          }
        ],
        [
          1675716440.1016266,
          {
            "vac": -98.01033464566929,
            "touch": 0.36791992187499994,
            "finger": 1.8017578125
          }
        ]
      ],
      "state_wait_vac_start": [
        [
          1675716440.204899,
          {
            "vac": -29.354365860517436,
            "touch": 4.88330078125,
            "finger": 1.8017578125
          }
        ],
        [
          1675716440.2122586,
          {
            "vac": -30.013463160854894,
            "touch": 4.7734375,
            "finger": 1.8017578125
          }
        ],
        [
          1675716440.2297876,
          {
            "vac": -30.892259561304837,
            "touch": 4.5537109375,
            "finger": 1.8017578125
          }
        ]
      ],
      "state_vac_pull": [
        [
          1675716442.8858886,
          {
            "vac": -97.7906355455568,
            "touch": 2.99365234375,
            "finger": 1.8017578125
          }
        ],
        [
          1675716442.9853737,
          {
            "vac": -97.68078599550056,
            "touch": 2.99365234375,
            "finger": 1.8017578125
          }
        ],
        [
          1675716443.0858133,
          {
            "vac": -97.7906355455568,
            "touch": 3.048583984375,
            "finger": 1.8017578125
          }
        ]
      ],
      "state_wait_empty_fingers_settled": [
        [
          1675716443.1172683,
          {
            "vac": -97.7906355455568,
            "touch": 3.114501953125,
            "finger": 1.8017578125
          }
        ],
        [
          1675716443.1212065,
          {
            "vac": -97.7906355455568,
            "touch": 3.38916015625,
            "finger": 1.8017578125
          }
        ],
        [
          1675716443.1222687,
          {
            "vac": -98.01033464566929,
            "touch": 3.56494140625,
            "finger": 1.8017578125
          }
        ]
      ],
      "state_exit_tray_zone": [
        [
          1675716443.8721268,
          {
            "vac": -98.01033464566929,
            "touch": 2.3125,
            "finger": 0.45263671875
          }
        ],
        [
          1675716443.8855958,
          {
            "vac": -98.01033464566929,
            "touch": 2.3125,
            "finger": 0.45263671875
          }
        ],
        [
          1675716443.8888617,
          {
            "vac": -98.01033464566929,
            "touch": 1.290771484375,
            "finger": 0.45263671875
          }
        ]
      ]
    }
  },
  "serial_number": 11,
  "uuid": "2115cd5a-765a-11ed-9d09-677a59a17003",
  "pick_session_uuid": "2225cd5a-765a-11ed-9d09-677a59a17003",
  "is_emulator": false,
  "fruit": "strawberry"
}
